Load Factor	Time
0.1	2.52E-5
0.2	5.08E-5
0.3	6.960000000000001E-5
0.4	5.92E-5
0.5	8.1E-5
0.6	1.272E-4
0.7	1.176E-4
0.8	1.376E-4
0.9	1.656E-4
1.0	0.0017119999999999998






Load Factor	Time
0.1	2.8E-5
0.2	3.64E-5
0.3	3.9000000000000006E-5
0.4	4.08E-5
0.5	5.6E-5
0.6	7.68E-5
0.7	8.26E-5
0.8	8.48E-5
0.9	9.359999999999998E-5
1.0	2.8999999999999995E-4






Load Factor	Time
0.1	1.5E-5
0.2	2.8E-5
0.3	2.8800000000000002E-5
0.4	4.08E-5
0.5	5.6E-5
0.6	8.64E-5
0.7	8.82E-5
0.8	9.28E-5
0.9	1.0259999999999999E-4
1.0	1.5599999999999997E-4






Load Factor	Collisions
0.1	0.004922
0.2	0.024118
0.3	0.061382
0.4	0.133256
0.5	0.243826
0.6	0.451882
0.7	0.810858
0.8	1.60374
0.9	4.067174
1.0	238.247502






Load Factor	Probes
0.1	1.0
0.2	1.0
0.3	1.0
0.4	1.0
0.5	1.0
0.6	1.0
0.7	1.0
0.8	1.0
0.9	1.0
1.0	1.0






Load Factor	Probes
0.1	1.0
0.2	1.0
0.3	1.0
0.4	1.0
0.5	1.0
0.6	1.0
0.7	1.0
0.8	1.0
0.9	1.0
1.0	1.0
