Load Factor	Time
0.1	2.26E-5
0.2	5.48E-5
0.3	4.5E-5
0.4	5.84E-5
0.5	7.6E-5
0.6	1.02E-4
0.7	1.2319999999999999E-4
0.8	1.472E-4
0.9	1.656E-4
1.0	0.0016899999999999999






Load Factor	Time
0.1	2.52E-5
0.2	5.16E-5
0.3	3.24E-5
0.4	4.32E-5
0.5	5.5E-5
0.6	6.72E-5
0.7	7.84E-5
0.8	8.8E-5
0.9	9.539999999999999E-5
1.0	1.0999999999999999E-4






Load Factor	Time
0.1	1.46E-5
0.2	4.16E-5
0.3	3.18E-5
0.4	7.2E-5
0.5	5.5E-5
0.6	6.96E-5
0.7	8.68E-5
0.8	9.92E-5
0.9	1.0619999999999999E-4
1.0	1.1999999999999999E-4






Load Factor	Collisions
0.1	0.004922
0.2	0.024118
0.3	0.061382
0.4	0.133256
0.5	0.243826
0.6	0.451882
0.7	0.810858
0.8	1.60374
0.9	4.067174
1.0	238.247502






Load Factor	Probes
0.1	1.0
0.2	1.0
0.3	1.0
0.4	1.0
0.5	1.0
0.6	1.0
0.7	1.0
0.8	1.0
0.9	1.0
1.0	1.0






Load Factor	Probes
0.1	1.0
0.2	1.0
0.3	1.0
0.4	1.0
0.5	1.0
0.6	1.0
0.7	1.0
0.8	1.0
0.9	1.0
1.0	1.0
