Load Factor	Time
0.1	2.4E-5
0.2	4.68E-5
0.3	6.120000000000001E-5
0.4	6.64E-5
0.5	1.04E-4
0.6	1.02E-4
0.7	1.316E-4
0.8	1.456E-4
0.9	3.402E-4
1.0	0.00228






Load Factor	Time
0.1	2.68E-5
0.2	5.56E-5
0.3	3.8400000000000005E-5
0.4	4.72E-5
0.5	6.6E-5
0.6	7.56E-5
0.7	8.96E-5
0.8	9.12E-5
0.9	1.0619999999999999E-4
1.0	1.7999999999999998E-4






Load Factor	Time
0.1	1.66E-5
0.2	4.4E-5
0.3	3.24E-5
0.4	4.64E-5
0.5	6.5E-5
0.6	8.28E-5
0.7	8.68E-5
0.8	1.168E-4
0.9	1.1879999999999999E-4
1.0	1.8999999999999998E-4






Load Factor	Collisions
0.1	0.004922
0.2	0.024118
0.3	0.061382
0.4	0.133256
0.5	0.243826
0.6	0.451882
0.7	0.810858
0.8	1.60374
0.9	4.067174
1.0	238.247502






Load Factor	Probes
0.1	1.0
0.2	1.0
0.3	1.0
0.4	1.0
0.5	1.0
0.6	1.0
0.7	1.0
0.8	1.0
0.9	1.0
1.0	1.0






Load Factor	Probes
0.1	1.0
0.2	1.0
0.3	1.0
0.4	1.0
0.5	1.0
0.6	1.0
0.7	1.0
0.8	1.0
0.9	1.0
1.0	1.0
