Load Factor	Time
0.1	2.2E-5
0.2	3.52E-5
0.3	6.3E-5
0.4	6.88E-5
0.5	8.7E-5
0.6	1.0559999999999999E-4
0.7	1.1619999999999999E-4
0.8	1.344E-4
0.9	2.1059999999999997E-4
1.0	0.0017359999999999997






Load Factor	Time
0.1	2.3E-5
0.2	6.2E-5
0.3	4.38E-5
0.4	5.12E-5
0.5	6.2E-5
0.6	7.319999999999999E-5
0.7	7.7E-5
0.8	8.64E-5
0.9	1.0619999999999999E-4
1.0	1.28E-4






Load Factor	Time
0.1	1.5E-5
0.2	3.88E-5
0.3	3.18E-5
0.4	8.96E-5
0.5	6.5E-5
0.6	7.8E-5
0.7	8.12E-5
0.8	8.96E-5
0.9	1.1879999999999999E-4
1.0	1.3399999999999998E-4






Load Factor	Collisions
0.1	0.004922
0.2	0.024118
0.3	0.061382
0.4	0.133256
0.5	0.243826
0.6	0.451882
0.7	0.810858
0.8	1.60374
0.9	4.067174
1.0	238.247502






Load Factor	Probes
0.1	1.0
0.2	1.0
0.3	1.0
0.4	1.0
0.5	1.0
0.6	1.0
0.7	1.0
0.8	1.0
0.9	1.0
1.0	1.0






Load Factor	Probes
0.1	1.899364
0.2	1.799492
0.3	1.700968
0.4	1.59878
0.5	1.49828
0.6	1.400636
0.7	1.300622
0.8	1.199606
0.9	1.100476
1.0	1.001332
