Load Factor	Time
0.1	2.3E-5
0.2	4.88E-5
0.3	4.5E-5
0.4	5.92E-5
0.5	8.8E-5
0.6	1.836E-4
0.7	1.372E-4
0.8	1.616E-4
0.9	2.1599999999999996E-4
1.0	0.0018579999999999998






Load Factor	Time
0.1	2.84E-5
0.2	4.36E-5
0.3	3.6E-5
0.4	4.88E-5
0.5	1.14E-4
0.6	8.52E-5
0.7	9.52E-5
0.8	1.04E-4
0.9	1.7999999999999998E-4
1.0	1.28E-4






Load Factor	Time
0.1	1.58E-5
0.2	2.96E-5
0.3	3.18E-5
0.4	4.16E-5
0.5	5.6E-5
0.6	6.72E-5
0.7	1.064E-4
0.8	1.168E-4
0.9	1.5299999999999998E-4
1.0	1.4199999999999998E-4






Load Factor	Collisions
0.1	0.004922
0.2	0.024118
0.3	0.061382
0.4	0.133256
0.5	0.243826
0.6	0.451882
0.7	0.810858
0.8	1.60374
0.9	4.067174
1.0	238.247502






Load Factor	Probes
0.1	1.0
0.2	1.0
0.3	1.0
0.4	1.0
0.5	1.0
0.6	1.0
0.7	1.0
0.8	1.0
0.9	1.0
1.0	1.0






Load Factor	Probes
0.1	1.0
0.2	1.0
0.3	1.0
0.4	1.0
0.5	1.0
0.6	1.0
0.7	1.0
0.8	1.0
0.9	1.0
1.0	1.0
